<?xml version="1.0" encoding="UTF-8"?>
<project-private xmlns="http://www.netbeans.org/ns/project-private/1">
    <editor-bookmarks xmlns="http://www.netbeans.org/ns/editor-bookmarks/2" lastBookmarkId="0"/>
    <open-files xmlns="http://www.netbeans.org/ns/projectui-open-files/2">
        <group>
            <file>file:/C:/Users/diego/Desktop/CQSVFEEE/El%20peor%20dia/Facturacion/src/BeansFactura/Encabezado.java</file>
            <file>file:/C:/Users/diego/Desktop/CQSVFEEE/El%20peor%20dia/Facturacion/src/ManejadorFacturas/ManejadorFactura.java</file>
            <file>file:/C:/Users/diego/Desktop/CQSVFEEE/El%20peor%20dia/Facturacion/src/facturacion/Facturacion.java</file>
            <file>file:/C:/Users/diego/Desktop/CQSVFEEE/El%20peor%20dia/Facturacion/src/BeansFactura/Detalle.java</file>
            <file>file:/C:/Users/diego/Desktop/CQSVFEEE/El%20peor%20dia/Facturacion/src/BeansFactura/Factura.java</file>
        </group>
    </open-files>
</project-private>
